[
  {
    "function": "minecraft:set_components",
    "components": {
      "minecraft:custom_name": {"italic":false,"color":"gray","text":"Gnome Rum"},
     "minecraft:custom_model_data": {
        "strings": [
          "db_drinks.rum"
        ]
      }
    }
  },
  {
    "function": "minecraft:set_components",
    "components": {
      "minecraft:potion_contents": {
        "custom_color": 13921356,
        "custom_effects": [
          {
            "id": "minecraft:conduit_power",
            "amplifier": 0,
            "duration": 120
          },
          {
            "id": "minecraft:regeneration",
            "amplifier": 0,
            "duration": 120
          }
        ]
      }
    }
  },
  {
    "function": "minecraft:set_custom_data",
    "tag": "{black_midnight:0b,aged_days:0b,drink:1b,bogged_grog:0b,gnome_rum:1b,creeper_cider:0b,fermented_sugar_cane:0b}"
  }
]
