[
  {
    "function": "minecraft:set_components",
    "components": {
      "minecraft:custom_name": {"italic":false,"color":"#d99f34","text":"Flyneberry Rum"},
     "minecraft:custom_model_data": {
        "strings": [
          "db_drinks.rum.flyneberry"
        ]
      }
    }
  },
  {
    "function": "minecraft:set_components",
    "components": {
      "minecraft:potion_contents": {
        "custom_color": 13978696,
        "custom_effects": [
          {
            "id": "minecraft:conduit_power",
            "amplifier": 0,
            "duration": 240
          },
          {
            "id": "minecraft:dolphins_grace",
            "amplifier": 0,
            "duration": 360
          },
          {
            "id": "minecraft:regeneration",
            "amplifier": 0,
            "duration": 240
          },
          {
            "id": "minecraft:speed",
            "amplifier": 0,
            "duration": 240
          }
        ]
      }
    }
  },
  {
    "function": "minecraft:set_custom_data",
    "tag": "{black_midnight:0b,aged_days:0b,drink:1b,gnome_rum:0b,bogged_grog:0b,creeper_cider:0b,fermented_sugar_cane:0b,flyneberry:1b}"
  }
]
