[
  {
    "function": "minecraft:set_components",
    "components": {
      "minecraft:custom_name": {"italic":false,"color":"#97dfbd","bold":true,"text":"Mountain Air"},

     "minecraft:custom_model_data": {
        "strings": [
          "db_drinks.absinthe"
        ]
      }
    }
  },
  {
    "function": "minecraft:set_components",
    "components": {
      "minecraft:potion_contents": {
        "custom_color": 10675403,
        "custom_effects": [
          {
            "id": "minecraft:slow_falling",
            "amplifier": 0,
            "duration": 1200
          },
          {
            "id": "minecraft:jump_boost",
            "amplifier": 2,
            "duration": 720
          },
          {
            "id": "minecraft:haste",
            "amplifier": 4,
            "duration": 240
          }
        ]
      }
    }
  },
  {
    "function": "minecraft:set_custom_data",
    "tag": "{drink:1b,absinthe:1b,pinewood:1b,mountain_air:1b,pinewood_serum:0b}"
  }
]
