[
  {
    "function": "minecraft:set_components",
    "components": {
      "minecraft:custom_name": {"italic":false,"color":"#0aff37","bold":true,"text":"Pinewood Serum"},
     "minecraft:custom_model_data": {
        "strings": [
          "db_drinks.absinthe"
        ]
      }
    }
  },
  {
    "function": "minecraft:set_components",
    "components": {
      "minecraft:potion_contents": {
        "custom_color": 32836,
        "custom_effects": [
          {
            "id": "minecraft:slow_falling",
            "amplifier": 0,
            "duration": 600
          },
          {
            "id": "minecraft:jump_boost",
            "amplifier": 0,
            "duration": 360
          },
          {
            "id": "minecraft:haste",
            "amplifier": 3,
            "duration": 120
          }
        ]
      }
    }
  },
  {
    "function": "minecraft:set_custom_data",
    "tag": "{drink:1b,absinthe:1b,pinewood:1b,mountain_air:0b,pinewood_serum:1b}"
  }
]
