[
  {
    "function": "minecraft:set_components",
    "components": {
      "minecraft:custom_name": {"italic":false,"color":"#50c77c","text":"Pine Absinthe"},
     "minecraft:custom_model_data": {
        "strings": [
          "db_drinks.absinthe"
        ]
      }
    }
  },
  {
    "function": "minecraft:set_components",
    "components": {
      "minecraft:potion_contents": {
        "custom_color": 829512,
        "custom_effects":
        [
          {
            "id": "minecraft:slow_falling",
            "amplifier": 0,
            "duration": 360
          },
          {
            "id": "minecraft:haste",
            "amplifier": 2,
            "duration": 120
          }
        ]
      }
    }
  },
  {
    "function": "minecraft:set_custom_data",
    "tag": "{drink:1b,absinthe:1b,pinewood:1b,mountain_air:0b,pinewood_serum:0b,aged_days:0b}"
  }
]