[
  {
    "function": "minecraft:set_components",
    "components": {
      "minecraft:custom_name": {"italic":false,"color":"white","text":"King's Strength"},
      "minecraft:custom_model_data": {
        "strings": [
          "db_drinks.wine"
        ]
      }
    }
  },
  {
    "function": "minecraft:set_components",
    "components": {
      "minecraft:potion_contents": {
        "custom_color": 8335234,
        "custom_effects": [
          {
            "id": "minecraft:regeneration",
            "amplifier": 0,
            "duration": 360
          },
          {
            "id": "minecraft:strength",
            "amplifier": 0,
            "duration": 720
          }
        ]
      }
    }
  },
  {
    "function": "minecraft:set_custom_data",
    "tag": "{wine:1b,aged_days:0b,drink:1b,fermented_sweet_berries:0b,kings_strength:1b,crimson_wine:0b,elven_wine:0b}"
  }
]
