[
  {
    "function": "minecraft:set_components",
    "components": {
      "minecraft:custom_name": {"italic":false,"text":"Warden's Song"},
     "minecraft:custom_model_data": {
        "strings": [
          "db_drinks.mead"
        ]
      }
    }
  },
  {
    "function": "minecraft:set_components",
    "components": {
      "minecraft:potion_contents": {
        "custom_color": 4897694,
        "custom_effects": [
          {
            "id": "minecraft:strength",
            "amplifier": 0,
            "duration": 480
          },
          {
            "id": "minecraft:regeneration",
            "amplifier": 0,
            "duration": 480
          },
          {
            "id": "minecraft:saturation",
            "amplifier": 3,
            "duration": 1
          }
        ]
      }
    }
  },
  {
    "function": "minecraft:set_custom_data",
    "tag": "{drink:1b,mead:1b,illager_mead:0b,corpse_mead:0b,song_mead:1b,jungle_mead:0b}"
  }
]