[
  {
    "function": "minecraft:set_components",
    "components": {
      "minecraft:custom_name": {"italic":false,"text":"Netherwood Sap"},
      "minecraft:custom_model_data": {
        "strings": [
          "db_drinks.wine"
        ]
      }
    }
  },
  {
    "function": "minecraft:set_components",
    "components": {
      "minecraft:potion_contents": {
        "custom_color": 5020032,
        "custom_effects": [
          {
            "id": "minecraft:regeneration",
            "amplifier": 0,
            "duration": 120
          },
          {
            "id": "minecraft:fire_resistance",
            "amplifier": 0,
            "duration": 120
          },
          {
            "id": "minecraft:weakness",
            "amplifier": 0,
            "duration": 480
          }
        ]
      }
    }
  },
  {
    "function": "minecraft:set_custom_data",
    "tag": "{wine:1b,aged_days:8b,drink:1b,fermented_sweet_berries:0b,netherwood_sap:1b,crimson_wine:0b}"
  }
]
