[
  {
    "function": "minecraft:set_components",
    "components": {
      "minecraft:custom_name": {"italic":false,"color":"#BD204A","bold":true,"text":"Crimson Wine"},
      "minecraft:custom_model_data": {
        "strings": [
          "db_drinks.wine.crimson"
        ]
      }
    }
  },
  {
    "function": "minecraft:set_components",
    "components": {
      "minecraft:potion_contents": {
        "custom_color": 8525648,
        "custom_effects": [
          {
            "id": "minecraft:regeneration",
            "amplifier": 0,
            "duration": 360
          },
          {
            "id": "minecraft:fire_resistance",
            "amplifier": 0,
            "duration": 1200
          }
        ]
      }
    }
  },
  {
    "function": "minecraft:set_custom_data",
    "tag": "{wine:1b,aged_days:8b,drink:1b,fermented_sweet_berries:0b,crimson_wine:1b,elven_wine:0b}"
  }
]
