[
  {
    "function": "minecraft:set_components",
    "components": {
      "minecraft:custom_name": {"italic":false,"color":"#A13A3A","text":"Unaged Crimson Wine"},
      "minecraft:custom_model_data": {
        "strings": [
          "db_drinks.wine.crimson"
        ]
      }
    }
  },
  {
    "function": "minecraft:set_components",
    "components": {
      "minecraft:potion_contents": {
        "custom_color": 10566202,
        "custom_effects": [
          {
            "id": "minecraft:regeneration",
            "amplifier": 0,
            "duration": 120
          },
          {
            "id": "minecraft:fire_resistance",
            "amplifier": 0,
            "duration": 120
          }
        ]
      }
    }
  },
  {
    "function": "minecraft:set_custom_data",
    "tag": "{wine:1b,aged_days:0b,drink:1b,fermented_sweet_berries:0b,crimson_wine:1b,kings_strength:0b,elven_wine:0b}"
  }
]
