{
  "type": "minecraft:chest",
  "pools": [
    {
      "rolls": 1,
      "bonus_rolls": 0,
      "entries": [
        {
          "type": "minecraft:item",
          "name": "minecraft:golden_apple",
          "weight": 20
        },
        {
          "type": "minecraft:item",
          "name": "minecraft:enchanted_golden_apple"
        },
        {
          "type": "minecraft:item",
          "name": "minecraft:name_tag",
          "weight": 30
        },
        {
          "type": "minecraft:item",
          "name": "minecraft:book",
          "weight": 10,
          "functions": [
            {
              "function": "minecraft:enchant_randomly",
              "options": "#minecraft:on_random_loot"
            }
          ]
        },
        {
          "type": "minecraft:item",
          "name": "minecraft:iron_pickaxe",
          "weight": 5
        },
        {
          "type": "minecraft:item",
          "name": "minecraft:written_book",
          "weight": 3,
          "functions": [
            {
              "function": "minecraft:set_book_cover",
              "title": "Dwarven Whiskey",
              "author": "Unknown Dwarf",
              "generation": 0
            },
            {
              "function": "minecraft:set_written_book_pages",
              "pages": [
                {
                  "text": "In the dust-covered vaults where the dwarves once made their strong brews, it is said the recipe for their whiskey was forged not merely by grain, but by the wild touch of the earth itself."
                },
                {
                  "text": "For those who seek this potent elixir, be warned: this drink carries the soul of the deep dark and the spark of dwarven fire."
                },
                {
                  "text": "Begin with the common whiskey, brewed as all mortal hands know. But to bring forth dwarven strength, you must travel to the roots of the stone and gather that which grows in the shadows:"
                },
                {
                  "text": "• Four spore blossoms from the caverns where no sun shines, kissed by the breath of ancient fungi.\n• Eight strands of glow lichen, gathered from rocks that drink the glow of the depths."
                },
                {
                  "text": "• And one scrap of netherite, a metal forged in the fires of hell, to lend its dark resilience to the brew."
                },
                {
                  "text": "Steep these ingredients with grains of normal whiskey under the silent watch, allowing the earthy essence to meld with the spirit. Lest the whiskey be robbed of its dwarven heart."
                },
                {
                  "text": "After this, follow the normal procedure of making a whiskey."
                },
                {
                  "text": "When the brew awakens, it will carry the warmth of the dwarven forge, a glow in the glass like embers, and a taste as deep as the caverns below."
                },
                {
                  "text": "Yet beware, for it also holds the power of dwarven resilience: a surge that quickens the blood, bringing strength and speed to those who dare drink it."
                },
                {
                  "text": "Though its potency carries a hidden edge. For those unfit to bear it, the same strength twists to poison, clouding the senses and weakening the heart."
                },
                {
                  "text": "Only those of true dwarven spirit can drink without fear, embracing the fire without succumbing to the shadows within."
                }
              ],
              "mode": "insert"
            }
          ]
        },
        {
          "type": "minecraft:empty",
          "weight": 5
        }
      ]
    },
    {
      "rolls": {
        "type": "minecraft:uniform",
        "min": 2,
        "max": 4
      },
      "bonus_rolls": 0,
      "entries": [
        {
          "type": "minecraft:item",
          "name": "minecraft:iron_ingot",
          "weight": 10,
          "functions": [
            {
              "function": "minecraft:set_count",
              "count": {
                "type": "minecraft:uniform",
                "min": 1,
                "max": 5
              },
              "add": false
            }
          ]
        },
        {
          "type": "minecraft:item",
          "name": "minecraft:gold_ingot",
          "weight": 5,
          "functions": [
            {
              "function": "minecraft:set_count",
              "count": {
                "type": "minecraft:uniform",
                "min": 1,
                "max": 3
              },
              "add": false
            }
          ]
        },
        {
          "type": "minecraft:item",
          "name": "minecraft:redstone",
          "weight": 5,
          "functions": [
            {
              "function": "minecraft:set_count",
              "count": {
                "type": "minecraft:uniform",
                "min": 4,
                "max": 9
              },
              "add": false
            }
          ]
        },
        {
          "type": "minecraft:item",
          "name": "minecraft:lapis_lazuli",
          "weight": 5,
          "functions": [
            {
              "function": "minecraft:set_count",
              "count": {
                "type": "minecraft:uniform",
                "min": 4,
                "max": 9
              },
              "add": false
            }
          ]
        },
        {
          "type": "minecraft:item",
          "name": "minecraft:diamond",
          "weight": 3,
          "functions": [
            {
              "function": "minecraft:set_count",
              "count": {
                "type": "minecraft:uniform",
                "min": 1,
                "max": 2
              },
              "add": false
            }
          ]
        },
        {
          "type": "minecraft:item",
          "name": "minecraft:coal",
          "weight": 10,
          "functions": [
            {
              "function": "minecraft:set_count",
              "count": {
                "type": "minecraft:uniform",
                "min": 3,
                "max": 8
              },
              "add": false
            }
          ]
        },
        {
          "type": "minecraft:item",
          "name": "minecraft:bread",
          "weight": 15,
          "functions": [
            {
              "function": "minecraft:set_count",
              "count": {
                "type": "minecraft:uniform",
                "min": 1,
                "max": 3
              },
              "add": false
            }
          ]
        },
        {
          "type": "minecraft:item",
          "name": "minecraft:glow_berries",
          "weight": 15,
          "functions": [
            {
              "function": "minecraft:set_count",
              "count": {
                "type": "minecraft:uniform",
                "min": 3,
                "max": 6
              },
              "add": false
            }
          ]
        },
        {
          "type": "minecraft:item",
          "name": "minecraft:melon_seeds",
          "weight": 10,
          "functions": [
            {
              "function": "minecraft:set_count",
              "count": {
                "type": "minecraft:uniform",
                "min": 2,
                "max": 4
              },
              "add": false
            }
          ]
        },
        {
          "type": "minecraft:item",
          "name": "minecraft:pumpkin_seeds",
          "weight": 10,
          "functions": [
            {
              "function": "minecraft:set_count",
              "count": {
                "type": "minecraft:uniform",
                "min": 2,
                "max": 4
              },
              "add": false
            }
          ]
        },
        {
          "type": "minecraft:item",
          "name": "minecraft:beetroot_seeds",
          "weight": 10,
          "functions": [
            {
              "function": "minecraft:set_count",
              "count": {
                "type": "minecraft:uniform",
                "min": 2,
                "max": 4
              },
              "add": false
            }
          ]
        }
      ]
    },
    {
      "rolls": 3,
      "bonus_rolls": 0,
      "entries": [
        {
          "type": "minecraft:item",
          "name": "minecraft:rail",
          "weight": 20,
          "functions": [
            {
              "function": "minecraft:set_count",
              "count": {
                "type": "minecraft:uniform",
                "min": 4,
                "max": 8
              },
              "add": false
            }
          ]
        },
        {
          "type": "minecraft:item",
          "name": "minecraft:powered_rail",
          "weight": 5,
          "functions": [
            {
              "function": "minecraft:set_count",
              "count": {
                "type": "minecraft:uniform",
                "min": 1,
                "max": 4
              },
              "add": false
            }
          ]
        },
        {
          "type": "minecraft:item",
          "name": "minecraft:detector_rail",
          "weight": 5,
          "functions": [
            {
              "function": "minecraft:set_count",
              "count": {
                "type": "minecraft:uniform",
                "min": 1,
                "max": 4
              },
              "add": false
            }
          ]
        },
        {
          "type": "minecraft:item",
          "name": "minecraft:detector_rail",
          "weight": 5,
          "functions": [
            {
              "function": "minecraft:set_count",
              "count": {
                "type": "minecraft:uniform",
                "min": 1,
                "max": 4
              },
              "add": false
            }
          ]
        },
        {
          "type": "minecraft:item",
          "name": "minecraft:activator_rail",
          "weight": 5,
          "functions": [
            {
              "function": "minecraft:set_count",
              "count": {
                "type": "minecraft:uniform",
                "min": 1,
                "max": 4
              },
              "add": false
            }
          ]
        },
        {
          "type": "minecraft:item",
          "name": "minecraft:minecart",
          "weight": 10,
          "functions": [
            {
              "function": "minecraft:set_count",
              "count": 1,
              "add": false
            }
          ]
        },
        {
          "type": "minecraft:item",
          "name": "minecraft:hopper_minecart",
          "weight": 3,
          "functions": [
            {
              "function": "minecraft:set_count",
              "count": 1,
              "add": false
            }
          ]
        },
        {
          "type": "minecraft:item",
          "name": "minecraft:tnt_minecart",
          "weight": 2,
          "functions": [
            {
              "function": "minecraft:set_count",
              "count": 1,
              "add": false
            }
          ]
        }
      ]
    }
  ]
}
