[
  {
    "function": "minecraft:set_components",
    "components": {
      "minecraft:custom_name": {"italic":false,"text":"Amber Retsina"},
     "minecraft:custom_model_data": {
        "strings": [
          "db_drinks.dino_bottle"
        ]
      }
    }
  },
  {
    "function": "minecraft:set_components",
    "components": {
      "minecraft:potion_contents": {
        "custom_color": 16754458,
        "custom_effects": [
          {
            "id": "minecraft:strength",
            "amplifier": 1,
            "duration": 360
          },
          {
            "id": "minecraft:slowness",
            "amplifier": 2,
            "duration": 360
          },
          {
            "id": "minecraft:resistance",
            "amplifier": 0,
            "duration": 1024
          },
          {
            "id": "minecraft:resistance",
            "amplifier": 1,
            "duration": 360
          }
        ]
      }
    }
  },
  {
    "function": "minecraft:set_custom_data",
    "tag": "{drink:1b,vodka:1b,drako_horilka:0b,blue_comet:0b,jungle_mead:0b,amber:1b}"
  }
]
