[
  {
    "function": "minecraft:set_components",
    "components": {
      "minecraft:custom_name": {"italic":false,"color":"#5C131F","text":"Marsh Noir"},
      "minecraft:custom_model_data": {
        "strings": [
          "db_drinks.wine"
        ]
      }
    }
  },
  {
    "function": "minecraft:set_components",
    "components": {
      "minecraft:potion_contents": {
        "custom_color": 6034207,
        "custom_effects": [
          {
            "id": "minecraft:regeneration",
            "amplifier": 0,
            "duration": 600
          },
          {
            "id": "minecraft:water_breathing",
            "amplifier": 0,
            "duration": 480
          }
        ]
      }
    }
  },
  {
    "function": "minecraft:set_custom_data",
    "tag": "{wine:1b,aged_days:16b,drink:1b,fermented_sweet_berries:0b,marsh_noir:1b}"
  }
]
