[
  {
    "function": "minecraft:set_components",
    "components": {
      "minecraft:custom_name": {"italic":false,"color":"light_purple","text":"Cherry Wine"},
      "minecraft:custom_model_data": {
        "strings": [
          "db_drinks.wine"
        ]
      }
    }
  },
  {
    "function": "minecraft:set_components",
    "components": {
      "minecraft:potion_contents": {
        "custom_color": 14900609,
        "custom_effects": [
          {
            "id": "minecraft:regeneration",
            "amplifier": 0,
            "duration": 240
          },
          {
            "id": "minecraft:health_boost",
            "amplifier": 1,
            "duration": 360
          }
        ]
      }
    }
  },
  {
    "function": "minecraft:set_custom_data",
    "tag": "{wine:1b,aged_days:16b,drink:1b,fermented_sweet_berries:0b,cherry_wine:1b}"
  }
]
