{
  "category": "misc",
  "group": "armor_stand",
  "type": "minecraft:crafting_shapeless",
  "ingredients": [
      "minecraft:stick",
      "minecraft:stick",
      "minecraft:armor_stand"
  ],
  "result": {
    "id": "minecraft:armor_stand",
    "count": 1,
    "components": {
      "minecraft:entity_data": {
        "ShowArms": 1,
        "Tags": [
          "armor_stand_with_arms"
        ],
        "id": "minecraft:armor_stand"
      },
      "minecraft:custom_data": {
        "eawa": {
          "id": "armor_stand_with_arms"
        }
      },
      "minecraft:lore": [
        "{\"translate\":\"armor stand with arms\",\"color\":\"#0000FF\",\"italic\":false}"
      ]
    }
  }
}