[
  {
    "function": "minecraft:set_components",
    "components": {
      "minecraft:custom_name": {"italic":false,"color":"#bd8b20","bold":true,"text":"Desert's Delight"},
     "minecraft:custom_model_data": {
        "strings": [
          "db_drinks.tequila"
        ]
      }
    }
  },
  {
    "function": "minecraft:set_components",
    "components": {
      "minecraft:potion_contents": {
        "custom_color": 16304993,
        "custom_effects": [
          {
            "id": "minecraft:fire_resistance",
            "amplifier": 0,
            "duration": 360
          },
          {
            "id": "minecraft:regeneration",
            "amplifier": 1,
            "duration": 120
          },
          {
            "id": "minecraft:absorption",
            "amplifier": 3,
            "duration": 120
          },
          {
            "id": "minecraft:weakness",
            "amplifier": 0,
            "duration": 120
          }
        ]
      }
    }
  },
  {
    "function": "minecraft:set_custom_data",
    "tag": "{drink:1b,tequila:1b,desert:1b,aged_days:8b,desert_delight:1b}"
  }
]