[
  {
    "function": "minecraft:set_components",
    "components": {
      "minecraft:custom_name": {"italic":false,"color":"#c2a15b","text":"Desert's Beverage"},
     "minecraft:custom_model_data": {
        "strings": [
          "db_drinks.tequila"
        ]
      }
    }
  },
  {
    "function": "minecraft:set_components",
    "components": {
      "minecraft:potion_contents": {
        "custom_color": 14466419,
        "custom_effects": [
          {
            "id": "minecraft:fire_resistance",
            "amplifier": 0,
            "duration": 120
          },
          {
            "id": "minecraft:absorption",
            "amplifier": 0,
            "duration": 240
          },
          {
            "id": "minecraft:weakness",
            "amplifier": 0,
            "duration": 120
          }
        ]
      }
    }
  },
  {
    "function": "minecraft:set_custom_data",
    "tag": "{drink:1b,tequila:1b,desert:1b,aged_days:0b}"
  }
]