[
  {
    "function": "minecraft:set_components",
    "components": {
      "minecraft:custom_name": {"color":"#bd4c20","bold":true,"text":"Pharaoh's Curse"},
     "minecraft:custom_model_data": {
        "strings": [
          "db_drinks.tequila"
        ]
      }
    }
  },
  {
    "function": "minecraft:set_components",
    "components": {
      "minecraft:potion_contents": {
        "custom_color": 16730637,
        "custom_effects": [
          {
            "id": "minecraft:fire_resistance",
            "amplifier": 0,
            "duration": 720
          },
          {
            "id": "minecraft:resistance",
            "amplifier": 0,
            "duration": 720
          },
          {
            "id": "minecraft:absorption",
            "amplifier": 4,
            "duration": 720
          },
          {
            "id": "minecraft:wither",
            "amplifier": 2,
            "duration": 120
          },
          {
            "id": "minecraft:weakness",
            "amplifier": 1,
            "duration": 120
          }
        ]
      }
    }
  },
  {
    "function": "minecraft:set_custom_data",
    "tag": "{drink:1b,tequila:1b,desert:1b,pharaohs_curse:1b}"
  }
]