[
  {
    "function": "minecraft:set_components",
    "components": {
      "minecraft:custom_name": {"italic":false,"color":"#cfd487","text":"Sand Puke"},
     "minecraft:custom_model_data": {
        "strings": [
          "db_drinks.tequila"
        ]
      }
    }
  },
  {
    "function": "minecraft:set_components",
    "components": {
      "minecraft:potion_contents": {
        "custom_color": 13026167,
        "custom_effects": [
          {
            "id": "minecraft:fire_resistance",
            "amplifier": 0,
            "duration": 20
          },
          {
            "id": "minecraft:infested",
            "amplifier": 0,
            "duration": 720
          },
          {
            "id": "minecraft:wither",
            "amplifier": 0,
            "duration": 20
          },
          {
            "id": "minecraft:weakness",
            "amplifier": 2,
            "duration": 240
          }
        ]
      }
    }
  },
  {
    "function": "minecraft:set_custom_data",
    "tag": "{drink:1b,tequila:1b,desert:1b,sand_puke:1b}"
  }
]