[
  {
    "function": "minecraft:set_components",
    "components": {
      "minecraft:custom_name": {"italic":false,"text":"Pale Beer"},

     "minecraft:custom_model_data": {
        "strings": [
          "db_drinks.beer"
        ]
      }
    }
  },
  {
    "function": "minecraft:set_components",
    "components": {
      "minecraft:potion_contents": {
        "custom_color": 16766584,
        "custom_effects": [
          {
            "id": "minecraft:haste",
            "amplifier": 1,
            "duration": 240
          },
          {
            "id": "minecraft:speed",
            "amplifier": 0,
            "duration": 480
          }
        ]
      }
    }
  },
  {
    "function": "minecraft:set_custom_data",
    "tag": "{drink:1b,pale_beer:1b,beer:1b,stout_beer:0b,stavroforos:0b,pumpkin_beer:0b,blackntan:0b}"
  }
]
