[
  {
    "function": "minecraft:set_components",
    "components": {
      "minecraft:custom_name": {"italic":false,"text":"Stout Beer"},

     "minecraft:custom_model_data": {
        "strings": [
          "db_drinks.beer"
        ]
      }
    }
  },
  {
    "function": "minecraft:set_components",
    "components": {
      "minecraft:potion_contents": {
        "custom_color": 5515288,
        "custom_effects": [
          {
            "id": "minecraft:mining_fatigue",
            "amplifier": 1,
            "duration": 120
          },
          {
            "id": "minecraft:haste",
            "amplifier": 0,
            "duration": 960
          }
        ]
      }
    }
  },
  {
    "function": "minecraft:set_custom_data",
    "tag": "{drink:1b,pale_beer:0b,beer:1b,stout_beer:1b,stavroforos:0b,pumpkin_beer:0b,blackntan:0b}"
  }
]
