{
  "pools": [
    {
      "rolls": 1,
      "entries": [
        {
          "type": "minecraft:item",
          "weight": 1,
          "functions": [
            {
              "function": "minecraft:set_components",
              "components": {
                "minecraft:entity_data": {
                  "ShowArms": 1,
                  "Tags": [
                    "armor_stand_with_arms"
                  ],
                  "id": "minecraft:armor_stand"
                }
              }
            },
            {
              "function": "set_lore",
              "lore": ["{\"translate\":\"armor stand with arms\",\"color\":\"#0000FF\",\"italic\":false}"],
            }
          ],
          "name": "minecraft:armor_stand"
        }
      ]
    }
  ],
  "random_sequence": "armorstand-with-arms:items/armor_stand_with_arms"
}
