[
  {
    "function": "minecraft:set_components",
    "components": {
      "minecraft:custom_name": {"italic":false,"color":"#ffe656","bold":true,"text":"Elven Wine"},
      "minecraft:custom_model_data": {
        "strings": [
          "db_drinks.wine.elven"
        ]
      }
    }
  },
  {
    "function": "minecraft:set_components",
    "components": {
      "minecraft:potion_contents": {
        "custom_color": 9658879,
        "custom_effects": [
          {
            "id": "minecraft:regeneration",
            "amplifier": 0,
            "duration": 3600
          },
          {
            "id": "minecraft:regeneration",
            "amplifier": 5,
            "duration": 24
          },
          {
            "id": "minecraft:luck",
            "amplifier": 2,
            "duration": 3600
          }
        ]
      }
    }
  },
  {
    "function": "minecraft:set_custom_data",
    "tag": "{wine:1b,aged_days:8b,drink:1b,fermented_sweet_berries:0b,crimson_wine:0b,elven_wine:2b}"
  }
]
