[
  {
    "function": "minecraft:set_components",
    "components": {
      "minecraft:custom_name": {"italic":false,"color":"#fbe396","text":"Unaged Elven Wine"},
      "minecraft:custom_model_data": {
        "strings": [
          "db_drinks.wine.elven"
        ]
      }
    }
  },
  {
    "function": "minecraft:set_components",
    "components": {
      "minecraft:potion_contents": {
        "custom_color": 11705063,
        "custom_effects": [
          {
            "id": "minecraft:regeneration",
            "amplifier": 0,
            "duration": 520
          },
          {
            "id": "minecraft:regeneration",
            "amplifier": 2,
            "duration": 24
          },
          {
            "id": "minecraft:luck",
            "amplifier": 0,
            "duration": 1080
          }
        ]
      }
    }
  },
  {
    "function": "minecraft:set_custom_data",
    "tag": "{wine:1b,aged_days:0b,drink:1b,fermented_sweet_berries:0b,crimson_wine:0b,kings_strength:0b,elven_wine:1b}"
  }
]
