{
    "type": "smithing_transform",
    "base": "diamond_chestplate",
    "addition": "elytra",
    "result": {
        "id": "diamond_chestplate",
        "components": {
            "glider": {},
            "equippable":{"slot": "chest","model": "elytra_chestplate:elytra_diamond_chestplate"},
            "item_model":"elytra_chestplate:elytra_diamond_chestplate",
            "rarity": "epic",
            "item_name": "[{\"translate\":\"item.elytra_chestplate.elytra_diamond_chestplate\",\"fallback\":\"%1$s %2$s\",\"with\":[{\"translate\":\"item.minecraft.elytra\"},{\"translate\":\"item.minecraft.diamond_chestplate\"}]}]"
        }
    }
}