{
  "model": {
    "type": "select",
    "property": "custom_model_data",
    "fallback": {
      "type": "model",
      "model": "item/potion",
      "tints": [
        {
          "type": "minecraft:potion",
          "default": -13083194
        }
      ]
    },
    "cases": [
      {
        "when": "db_drinks.beer",
        "model": {
          "type": "minecraft:model",
          "model": "minecraft:item/mug",
          "tints": [
            {
              "type": "minecraft:potion",
              "default": -13083194
            }
          ]
        }
      },
      {
        "when": "db_drinks.vodka",
        "model": {
    "type": "minecraft:model",
    "model": "minecraft:item/bottle_vodka",
    "tints": [
      {
        "type": "minecraft:potion",
        "default": -13083194
      }
    ]
    }
      },
      {
        "when": "db_drinks.absinthe",
        "model": {
    "type": "minecraft:model",
    "model": "minecraft:item/goblet",
    "tints": [
      {
        "type": "minecraft:potion",
        "default": -13083194
      }
    ]
    }
      },
      {
        "when": "db_drinks.beer.stavroforos",
        "model": {
    "type": "minecraft:model",
    "model": "minecraft:item/mug_stavroforos",
    "tints": [
      {
        "type": "minecraft:potion",
        "default": -13083194
      }
    ]
    }
      },
      {
        "when": "db_drinks.rum",
        "model": {
    "type": "minecraft:model",
    "model": "minecraft:item/rum_bottle",
    "tints": [
      {
        "type": "minecraft:potion",
        "default": -13083194
      }
    ]
    }
      },
      {
        "when": "db_drinks.rum.flyneberry",
        "model": {
    "type": "minecraft:model",
    "model": "minecraft:item/rum_bottle_flyneberry",
    "tints": [
      {
        "type": "minecraft:potion",
        "default": -13083194
      }
    ]
    }
      },
      {
        "when": "db_drinks.roscuro",
        "model": {
    "type": "minecraft:model",
    "model": "minecraft:item/tequila_skull_r",
    "tints": [
      {
        "type": "minecraft:potion",
        "default": -13083194
      }
    ]
    }
      },
      {
        "when": "db_drinks.tequila",
        "model": {
    "type": "minecraft:model",
    "model": "minecraft:item/tequila_skull",
    "tints": [
      {
        "type": "minecraft:potion",
        "default": -13083194
      }
    ]
    }
      },
      {
        "when": "db_drinks.wine",
        "model": {
    "type": "minecraft:model",
    "model": "minecraft:item/wine_bottle",
    "tints": [
      {
        "type": "minecraft:potion",
        "default": -13083194
      }
    ]
    }
      },
      {
        "when": "db_drinks.wine.crimson",
        "model": {
    "type": "minecraft:model",
    "model": "minecraft:item/crimson_bottle",
    "tints": [
      {
        "type": "minecraft:potion",
        "default": -13083194
      }
    ]
    }
      },
      {
        "when": "db_drinks.whiskey",
        "model": {
    "type": "minecraft:model",
    "model": "minecraft:item/whiskey_bottle",
    "tints": [
      {
        "type": "minecraft:potion",
        "default": -13083194
      }
    ]
    }
      },
      {
        "when": "db_drinks.whiskey.chorus",
        "model": {
    "type": "minecraft:model",
    "model": "minecraft:item/whiskey_bottle_chorus",
    "tints": [
      {
        "type": "minecraft:potion",
        "default": -13083194
      }
    ]
    }
      },
      {
        "when": "db_drinks.whiskey.dwarven",
        "model": {
    "type": "minecraft:model",
    "model": "minecraft:item/dwarven_whiskey_bottle",
    "tints": [
      {
        "type": "minecraft:potion",
        "default": -13083194
      }
    ]
    }
      },
      {
        "when": "db_drinks.mead",
        "model": {
    "type": "minecraft:model",
    "model": "minecraft:item/mead_horn",
    "tints": [
      {
        "type": "minecraft:potion",
        "default": -13083194
      }
    ]
    }
      },
      {
        "when": "db_drinks.mead.illager",
        "model": {
    "type": "minecraft:model",
    "model": "minecraft:item/mead_horn_illager",
    "tints": [
      {
        "type": "minecraft:potion",
        "default": -13083194
      }
    ]
    }
      },
      {
        "when": "db_drinks.wine.elven",
        "model": {
    "type": "minecraft:model",
    "model": "minecraft:item/elven_wine_bottle",
    "tints": [
      {
        "type": "minecraft:potion",
        "default": -13083194
      }
    ]
    }
      },
      {
        "when": "db_drinks.whiskey.fire",
        "model": {
    "type": "minecraft:model",
    "model": "minecraft:item/whiskey_bottle_fire",
    "tints": [
      {
        "type": "minecraft:potion",
        "default": -13083194
      }
    ]
    }
      },
      {
        "when": "db_drinks.dino_bottle",
        "model": {
    "type": "minecraft:model",
    "model": "minecraft:item/dino_bottle",
    "tints": [
      {
        "type": "minecraft:potion",
        "default": -13083194
      }
    ]
    }
      },
      {
        "when": "db_drinks.milkshake",
        "model": {
    "type": "minecraft:model",
    "model": "minecraft:item/milkshake_bottle",
    "tints": [
      {
        "type": "minecraft:potion",
        "default": -13083194
      }
    ]
    }
      }
    ]
  }
}