[
  {
    "function": "minecraft:set_components",
    "components": {
      "minecraft:custom_name": {"italic":false,"color":"#D60AFF","bold":true,"text":"Chorus Bourbon"},
      "minecraft:custom_model_data": {
        "strings": [
          "db_drinks.whiskey.chorus"
        ]
      }
    }
  },
  {
    "function": "minecraft:set_components",
    "components": {
      "minecraft:potion_contents": {
        "custom_color": 11932648,
        "custom_effects": [
          {
            "id": "minecraft:speed",
            "amplifier": 0,
            "duration": 240
          },
          {
            "id": "minecraft:resistance",
            "amplifier": 1,
            "duration": 120
          },
          {
            "id": "minecraft:levitation",
            "amplifier": 2,
            "duration": 30
          }
        ]
      }
    }
  },
  {
    "function": "minecraft:set_custom_data",
    "tag": "{drink:1b,whiskey:1b,torchflower_scotch:0b,chorus_bourbon:2b,dwarven:0b,fire_whiskey:0b}"
  }
]
