[
  {
    "function": "minecraft:set_components",
    "components": {
      "minecraft:custom_name": {"italic":false,"color":"#AB50C7","text":"Unaged Chorus Bourbon"},
      "minecraft:custom_model_data": {
        "strings": [
          "db_drinks.whiskey.chorus"
        ]
      }
    }
  },
  {
    "function": "minecraft:set_components",
    "components": {
      "minecraft:potion_contents": {
        "custom_color": 10772669,
        "custom_effects": [
          {
            "id": "minecraft:speed",
            "amplifier": 0,
            "duration": 240
          },
          {
            "id": "minecraft:levitation",
            "amplifier": 0,
            "duration": 15
          }
        ]
      }
    }
  },
  {
    "function": "minecraft:set_custom_data",
    "tag": "{drink:1b,whiskey:1b,torchflower_scotch:0b,chorus_bourbon:1b,aged_days:0b,dwarven:0b,fire_whiskey:0b}"
  }
]