[
  {
    "function": "minecraft:set_components",
    "components": {
      "minecraft:custom_name": {"italic":false,"color":"#130B30","bold":true,"text":"💀Black Midnight💀"},
     "minecraft:custom_model_data": {
        "strings": [
          "db_drinks.rum"
        ]
      }
    }
  },
  {
    "function": "minecraft:set_components",
    "components": {
      "minecraft:potion_contents": {
        "custom_color": 524306,
        "custom_effects": [
          {
            "id": "minecraft:resistance",
            "amplifier": 0,
            "duration": 12000
          },
          {
            "id": "minecraft:darkness",
            "amplifier": 0,
            "duration": 12000
          },
          {
            "id": "minecraft:wither",
            "amplifier": 0,
            "duration": 120
          }
        ]
      }
    }
  },
  {
    "function": "minecraft:set_custom_data",
    "tag": "{black_midnight:2b,golden_rum:0b,copper_rum:0b,bogged_grog:0b,fermented_sugar_cane:0b,creeper_cider:0b}"
  }
]
