[
  {
    "function": "minecraft:set_components",
    "components": {
      "minecraft:custom_name": {"italic":false,"color":"#152942","bold":true,"text":"Unaged Black Midnight"},
     "minecraft:custom_model_data": {
        "strings": [
          "db_drinks.rum"
        ]
      }
    }
  },
  {
    "function": "minecraft:set_components",
    "components": {
      "minecraft:potion_contents": {
        "custom_color": 794148,
        "custom_effects": [
          {
            "id": "minecraft:wither",
            "amplifier": 2,
            "duration": 120
          },
          {
            "id": "minecraft:resistance",
            "amplifier": 0,
            "duration": 480
          },
          {
            "id": "minecraft:darkness",
            "amplifier": 0,
            "duration": 480
          }
        ]
      }
    }
  },
  {
    "function": "minecraft:set_custom_data",
    "tag": "{black_midnight:1b,aged_days:0b,drink:1b,fermented_sugar_cane:0b,creeper_cider:0b}"
  }
]
