[
  {
    "function": "minecraft:set_components",
    "components": {
      "minecraft:custom_name": {"italic":false,"color":"#937767","bold":true,"text":"Dwarven Whiskey"},
      "minecraft:custom_model_data": {
        "strings": [
          "db_drinks.whiskey.dwarven"
        ]
      }
    }
  },
  {
    "function": "minecraft:set_components",
    "components": {
      "minecraft:potion_contents": {
        "custom_color": 8727555,
        "custom_effects": [
          {
            "id": "minecraft:speed",
            "amplifier": 3,
            "duration": 3600
          },
          {
            "id": "minecraft:poison",
            "amplifier": 2,
            "duration": 520
          },
          {
            "id": "minecraft:wither",
            "amplifier": 2,
            "duration": 20
          },
          {
            "id": "minecraft:haste",
            "amplifier": 5,
            "duration": 3600
          },
          {
            "id": "minecraft:strength",
            "amplifier": 2,
            "duration": 3600
          },
          {
            "id": "minecraft:resistance",
            "amplifier": 0,
            "duration": 3600
          },
          {
            "id": "minecraft:night_vision",
            "amplifier": 0,
            "duration": 3600
          }
        ]
      }
    }
  },
  {
    "function": "minecraft:set_custom_data",
    "tag": "{drink:1b,whiskey:1b,chorus_bourbon:0b,torchflower_scotch:0b,dwarven:1b,fire_whiskey:0b}"
  }
]