[
  {
    "function": "minecraft:set_components",
    "components": {
      "minecraft:custom_name": {"italic":false,"color":"#4D9073","text":"Ghastly Cry"},

     "minecraft:custom_model_data": {
        "strings": [
          "db_drinks.absinthe"
        ]
      }
    }
  },
  {
    "function": "minecraft:set_components",
    "components": {
      "minecraft:potion_contents": {
        "custom_color": 5083251,
        "custom_effects": [
          {
            "id": "minecraft:slow_falling",
            "amplifier": 0,
            "duration": 360
          },
          {
            "id": "minecraft:levitation",
            "amplifier": 2,
            "duration": 180
          },
          {
            "id": "minecraft:wither",
            "amplifier": 0,
            "duration": 120
          },
          {
            "id": "minecraft:regeneration",
            "amplifier": 1,
            "duration": 120
          }
        ]
      }
    }
  },
  {
    "function": "minecraft:set_custom_data",
    "tag": "{drink:1b,absinthe:1b,pinewood:0b,ghastly_cry:1b}"
  }
]