{
    "parent": "minecraft:recipes/root",
    "criteria": {
        "has_an_ingredient": {
            "trigger": "minecraft:inventory_changed",
            "conditions": {
                "items": [
                    {
                        "items": ["minecraft:armor_stand", "minecraft:stick"]
                    }
                ]
            }
        },
        "has_the_recipe": {
            "trigger": "minecraft:recipe_unlocked",
            "conditions": {
                "recipe": "armor-stand-with-arms:armor_stand_with_arms"
            }
        }
    },
    "requirements": [["has_the_recipe", "has_an_ingredient"]],
    "rewards": {
        "recipes": ["armor-stand-with-arms:armor_stand_with_arms"]
    }
}
