[
  {
    "function": "minecraft:set_components",
    "components": {
      "minecraft:custom_name": {"italic":false,"color":"#D18400","bold":true,"text":"Stavroforos Swig"},
      "minecraft:custom_model_data": {
        "strings": [
          "db_drinks.beer.stavroforos"
        ]
      }
    }
  },
  {
    "function": "minecraft:set_components",
    "components": {
      "minecraft:potion_contents": {
        "custom_color": 13730816,
        "custom_effects": [
          {
            "id": "minecraft:strength",
            "amplifier": 0,
            "duration": 360
          },
          {
            "id": "minecraft:strength",
            "amplifier": 1,
            "duration": 120
          },
          {
            "id": "minecraft:strength",
            "amplifier": 2,
            "duration": 60
          },
          {
            "id": "minecraft:strength",
            "amplifier": 3,
            "duration": 30
          },
          {
            "id": "minecraft:saturation",
            "amplifier": 1,
            "duration": 1
          },
          {
            "id": "minecraft:wither",
            "amplifier": 3,
            "duration": 10
          }
        ]
      }
    }
  },
  {
    "function": "minecraft:set_custom_data",
    "tag": "{drink:1b,pale_beer:0b,beer:1b,stout_beer:0b,stavroforos:1b,pumpkin_beer:0b,blackntan:0b}"
  }
]
