[
  {
    "function": "minecraft:set_components",
    "components": {
      "minecraft:custom_name": {"italic":false,"color":"#864793","bold":true,"text":"Drako Horilka"},
      "tooltip_display": {
  "hide_tooltip": false,
  "hidden_components": [
    "minecraft:potion_contents",
    "minecraft:potion_duration_scale"
  ]
},
     "minecraft:custom_model_data": {
        "strings": [
          "db_drinks.vodka"
        ]
      }
    }
  },
  {
    "function": "minecraft:set_components",
    "components": {
      "minecraft:potion_contents": {
        "custom_color": 14303327,
        "custom_effects": [
          {
            "id": "minecraft:strength",
            "amplifier": 0,
            "duration": 240
          },
          {
            "id": "minecraft:resistance",
            "amplifier": 1,
            "duration": 520
          },
          {
            "id": "minecraft:levitation",
            "amplifier": 3,
            "duration": 240
          },
          {
            "id": "minecraft:slow_falling",
            "amplifier": 0,
            "duration": 520
          }
        ]
      }
    }
  },
  {
    "function": "minecraft:set_custom_data",
    "tag": "{drink:1b,vodka:1b,blue_comet:0b,drako_horilka:1b,jungle:0b,amber:0b}"
  }
]
