[
  {
    "function": "minecraft:set_components",
    "components": {
      "minecraft:custom_name": {"italic":false,"color":"#73487b","text":"Unaged Drako Horilka"},
     "minecraft:custom_model_data": {
        "strings": [
          "db_drinks.vodka"
        ]
      }
    }
  },
  {
    "function": "minecraft:set_components",
    "components": {
      "minecraft:potion_contents": {
        "custom_color": 11099015,
        "custom_effects": [
          {
            "id": "minecraft:strength",
            "amplifier": 0,
            "duration": 240
          },
          {
            "id": "minecraft:resistance",
            "amplifier": 0,
            "duration": 360
          },
          {
            "id": "minecraft:levitation",
            "amplifier": 0,
            "duration": 180
          },
          {
            "id": "minecraft:slow_falling",
            "amplifier": 0,
            "duration": 360
          }
        ]
      }
    }
  },
  {
    "function": "minecraft:set_custom_data",
    "tag": "{drink:1b,vodka:1b,blue_comet:0b,drako_horilka:1b,aged_days:0b,jungle:0b,amber:0b}"
  }
]
