{
	"credit": "Made by DinoBrik",
	"texture_size": [32, 32],
	"textures": {
		"1": "item/mug_overlay",
		"3": "item/smithing_table_top2"
	},
	"elements": [
		{
			"from": [5.25, 7.25, 10],
			"to": [10.75, 11.25, 10.75],
			"rotation": {"angle": 0, "axis": "y", "origin": [5, 5.25, 5]},
			"faces": {
				"north": {"uv": [13.25, 0, 16, 2], "texture": "#3"},
				"east": {"uv": [0, 0, 0.5, 2], "texture": "#3"},
				"south": {"uv": [13.25, 0, 16, 2], "texture": "#3"},
				"west": {"uv": [0.5, 7, 1, 9], "texture": "#3"},
				"up": {"uv": [9.75, 1, 7, 0.5], "texture": "#3"},
				"down": {"uv": [16, 1.5, 13.25, 2], "texture": "#3"}
			}
		},
		{
			"from": [5.5, 6.5, 5.5],
			"to": [10.5, 7.25, 10.5],
			"rotation": {"angle": 0, "axis": "y", "origin": [5, 5.25, 5]},
			"faces": {
				"north": {"uv": [9, 15, 12, 15.5], "texture": "#3"},
				"east": {"uv": [7, 4.5, 10, 5], "texture": "#3"},
				"south": {"uv": [7, 5, 10, 5.5], "texture": "#3"},
				"west": {"uv": [8, 4, 11, 4.5], "texture": "#3"},
				"up": {"uv": [2.5, 2.5, 0, 0], "texture": "#3"},
				"down": {"uv": [16, 0, 13, 3], "texture": "#3"}
			}
		},
		{
			"from": [7.5, 4.75, 7.5],
			"to": [8.5, 6.5, 8.5],
			"rotation": {"angle": 0, "axis": "y", "origin": [5, 5.25, 5]},
			"faces": {
				"north": {"uv": [3.75, 4.5, 3.25, 3.5], "texture": "#3"},
				"east": {"uv": [10.25, 8.5, 10.75, 9.5], "texture": "#3"},
				"south": {"uv": [12.5, 8.5, 12, 9.5], "texture": "#3"},
				"west": {"uv": [9, 1.5, 9.5, 0.5], "texture": "#3"},
				"up": {"uv": [10, 0.5, 9.5, 0], "texture": "#3"},
				"down": {"uv": [10, 0.5, 9.5, 1], "texture": "#3"}
			}
		},
		{
			"from": [7.5, 2, 7.5],
			"to": [8.5, 3.75, 8.5],
			"rotation": {"angle": 0, "axis": "y", "origin": [5, 2.5, 5]},
			"faces": {
				"north": {"uv": [13.25, 8.5, 13.75, 9.5], "texture": "#3"},
				"east": {"uv": [1.5, 5.5, 2, 6.5], "texture": "#3"},
				"south": {"uv": [8.25, 0.5, 8.75, 1.5], "texture": "#3"},
				"west": {"uv": [1.5, 8.5, 2, 9.5], "texture": "#3"},
				"up": {"uv": [10, 1.5, 9.5, 1], "texture": "#3"},
				"down": {"uv": [10, 1.5, 9.5, 2], "texture": "#3"}
			}
		},
		{
			"from": [7, 1, 7],
			"to": [9, 2, 9],
			"rotation": {"angle": 0, "axis": "y", "origin": [11, 0.75, 5]},
			"faces": {
				"north": {"uv": [4.5, 7.25, 3.5, 7.75], "texture": "#3"},
				"east": {"uv": [8.5, 5.5, 7.5, 6], "texture": "#3"},
				"south": {"uv": [10.5, 7, 9.5, 7.5], "texture": "#3"},
				"west": {"uv": [5.5, 11, 4.5, 11.5], "texture": "#3"},
				"up": {"uv": [3.5, 6.5, 4.5, 5.5], "texture": "#3"},
				"down": {"uv": [3.5, 5.5, 4.5, 6.5], "texture": "#3"}
			}
		},
		{
			"from": [7, 3.75, 7],
			"to": [9, 4.75, 9],
			"rotation": {"angle": 0, "axis": "y", "origin": [5, 3.5, 5]},
			"faces": {
				"north": {"uv": [3.5, 7.25, 4.5, 7.75], "texture": "#3"},
				"east": {"uv": [4.5, 11, 5.5, 11.5], "texture": "#3"},
				"south": {"uv": [9.5, 7, 10.5, 7.5], "texture": "#3"},
				"west": {"uv": [7.5, 5.5, 8.5, 6], "texture": "#3"},
				"up": {"uv": [4.5, 6.5, 3.5, 5.5], "texture": "#3"},
				"down": {"uv": [4.5, 5.5, 3.5, 6.5], "texture": "#3"}
			}
		},
		{
			"from": [6, 0, 6],
			"to": [10, 1, 10],
			"rotation": {"angle": 0, "axis": "y", "origin": [5, -0.25, 5]},
			"faces": {
				"north": {"uv": [3, 7.25, 6, 7.75], "texture": "#3"},
				"east": {"uv": [13, 3.25, 16, 3.75], "texture": "#3"},
				"south": {"uv": [13, 2.25, 16, 2.75], "texture": "#3"},
				"west": {"uv": [3, 5.25, 6, 5.75], "texture": "#3"},
				"up": {"uv": [6, 7, 3, 4], "rotation": 90, "texture": "#3"},
				"down": {"uv": [13, 11, 10, 8], "rotation": 90, "texture": "#3"}
			}
		},
		{
			"from": [10, 7.25, 6],
			"to": [10.75, 11.25, 10],
			"rotation": {"angle": 0, "axis": "y", "origin": [5, 5.25, 5]},
			"faces": {
				"north": {"uv": [8, 7, 8.5, 9], "texture": "#3"},
				"east": {"uv": [0.5, 0, 2.5, 2], "texture": "#3"},
				"south": {"uv": [8.5, 0, 9, 2], "texture": "#3"},
				"west": {"uv": [0.5, 0, 2.5, 2], "texture": "#3"},
				"up": {"uv": [1.25, 13.5, 1.75, 15.5], "texture": "#3"},
				"down": {"uv": [5, 8, 4.5, 10], "texture": "#3"}
			}
		},
		{
			"from": [5.25, 7.25, 6],
			"to": [6, 11.25, 10],
			"rotation": {"angle": 0, "axis": "y", "origin": [0, 5.25, 5]},
			"faces": {
				"north": {"uv": [5, 8.5, 5.5, 10.5], "texture": "#3"},
				"east": {"uv": [2, 7, 0, 9], "texture": "#3"},
				"south": {"uv": [5.5, 8.5, 6, 10.5], "texture": "#3"},
				"west": {"uv": [2, 7, 0, 9], "texture": "#3"},
				"up": {"uv": [15.25, 9, 15.75, 11], "texture": "#3"},
				"down": {"uv": [7, 7.5, 6.5, 9.5], "texture": "#3"}
			}
		},
		{
			"from": [5.25, 7.25, 5.25],
			"to": [10.75, 11.25, 6],
			"rotation": {"angle": 0, "axis": "y", "origin": [5, 5.25, 5]},
			"faces": {
				"north": {"uv": [6.25, 2, 9, 0], "texture": "#3"},
				"east": {"uv": [7, 8.5, 7.5, 10.5], "texture": "#3"},
				"south": {"uv": [6.25, 2, 9, 0], "texture": "#3"},
				"west": {"uv": [1.5, 8, 2, 10], "texture": "#3"},
				"up": {"uv": [10, 1.5, 7.25, 1], "texture": "#3"},
				"down": {"uv": [9, 2, 6.25, 2.5], "texture": "#3"}
			}
		},
		{
			"from": [6, 10.5, 6],
			"to": [10, 10.5, 10],
			"rotation": {"angle": 0, "axis": "y", "origin": [0, 5.25, 5]},
			"faces": {
				"north": {"uv": [0, 0, 4, 4], "texture": "#1"},
				"east": {"uv": [0, 4, 4, 8], "texture": "#1"},
				"south": {"uv": [4, 0, 8, 4], "texture": "#1"},
				"west": {"uv": [4, 4, 8, 8], "texture": "#1"},
				"up": {"uv": [6, 12, 0, 6], "texture": "#1", "tintindex": 0},
				"down": {"uv": [12, 0, 8, 4], "texture": "#1"}
			}
		},
		{
			"from": [6, 11.25, 6],
			"to": [10, 11.25, 10],
			"rotation": {"angle": 0, "axis": "y", "origin": [0, 6, 5]},
			"faces": {
				"north": {"uv": [0, 0, 4, 4], "texture": "#1"},
				"east": {"uv": [0, 4, 4, 8], "texture": "#1"},
				"south": {"uv": [4, 0, 8, 4], "texture": "#1"},
				"west": {"uv": [4, 4, 8, 8], "texture": "#1"},
				"up": {"uv": [12, 12, 6, 6], "rotation": 90, "texture": "#1", "tintindex": 0},
				"down": {"uv": [12, 0, 8, 4], "texture": "#1"}
			}
		},
		{
			"from": [6, 11, 6],
			"to": [10, 11, 10],
			"rotation": {"angle": 0, "axis": "y", "origin": [0, 5.75, 5]},
			"faces": {
				"north": {"uv": [0, 0, 4, 4], "texture": "#1"},
				"east": {"uv": [0, 4, 4, 8], "texture": "#1"},
				"south": {"uv": [4, 0, 8, 4], "texture": "#1"},
				"west": {"uv": [4, 4, 8, 8], "texture": "#1"},
				"up": {"uv": [12, 12, 6, 6], "rotation": 90, "texture": "#1", "tintindex": 0},
				"down": {"uv": [12, 0, 8, 4], "texture": "#1"}
			}
		}
	],
	"display": {
		"thirdperson_righthand": {
			"rotation": [35.25, 0, 0],
			"translation": [0, 3.25, 2.75],
			"scale": [0.75, 0.75, 0.75]
		},
		"thirdperson_lefthand": {
			"rotation": [35.25, 0, 0],
			"translation": [0, 3.25, 2.75]
		},
		"firstperson_righthand": {
			"rotation": [-6.03, 12.85, 35.78],
			"translation": [-1.75, 4.75, 1.75],
			"scale": [0.6, 0.6, 0.6]
		},
		"firstperson_lefthand": {
			"rotation": [-3.03, 11.69, 28.95],
			"translation": [-1.75, 5.5, 1.75],
			"scale": [0.6, 0.6, 0.6]
		},
		"ground": {
			"translation": [0, 3, 0],
			"scale": [0.7, 0.7, 0.7]
		},
		"gui": {
			"rotation": [30, 225, 0],
			"translation": [0, 2, 0]
		},
		"fixed": {
			"rotation": [-90, 90, 0],
			"translation": [0, 0, -10],
			"scale": [1.3, 1.3, 1.3]
		}
	},
	"groups": [
		{
			"name": "group",
			"origin": [5, 4, 1],
			"color": 0,
			"children": [0, 1, 2, 3, 4, 5, 6, 7, 8, 9]
		},
		10,
		11,
		12
	]
}