{
	"credit": "Made by DinoBrik",
	"textures": {
		"1": "item/mead_overlay",
		"2": "item/mead_horn",
		"particle": "item/barrel_side2"
	},
	"elements": [
		{
			"from": [6.5, 2, 6.5],
			"to": [9.5, 6, 6.75],
			"rotation": {"angle": 0, "axis": "y", "origin": [7, 3, 6.75]},
			"faces": {
				"north": {"uv": [2, 5, 7, 11], "texture": "#2"},
				"east": {"uv": [6, 5, 7, 11], "texture": "#2"},
				"south": {"uv": [2, 5, 7, 11], "texture": "#2"},
				"west": {"uv": [2, 5, 3, 11], "texture": "#2"},
				"up": {"uv": [7, 5, 2, 5.5], "texture": "#2"},
				"down": {"uv": [2, 9, 7, 9.5], "texture": "#2"}
			}
		},
		{
			"from": [5, 1, 7],
			"to": [8.5, 3, 9],
			"rotation": {"angle": 0, "axis": "y", "origin": [7, 2, 7]},
			"faces": {
				"north": {"uv": [6, 12, 3, 6], "rotation": 90, "texture": "#2"},
				"east": {"uv": [3, 9, 6, 6], "rotation": 180, "texture": "#2"},
				"south": {"uv": [6, 6, 3, 12], "rotation": 90, "texture": "#2"},
				"west": {"uv": [6, 12, 9, 9], "texture": "#2"},
				"up": {"uv": [6, 6, 3, 12], "rotation": 90, "texture": "#2"},
				"down": {"uv": [6, 6, 3, 12], "rotation": 90, "texture": "#2"}
			}
		},
		{
			"from": [2.5, 0.5, 7.25],
			"to": [6.5, 2, 8.75],
			"rotation": {"angle": 0, "axis": "y", "origin": [5, 1, 7]},
			"faces": {
				"north": {"uv": [5, 12, 3, 5], "rotation": 90, "texture": "#2"},
				"east": {"uv": [5, 7, 3, 5], "rotation": 90, "texture": "#2"},
				"south": {"uv": [5, 12, 3, 5], "rotation": 90, "texture": "#2"},
				"west": {"uv": [13, 12, 11, 10], "rotation": 90, "texture": "#2"},
				"up": {"uv": [5, 5, 3, 12], "rotation": 90, "texture": "#2"},
				"down": {"uv": [3, 12, 5, 5], "rotation": 90, "texture": "#2"}
			}
		},
		{
			"from": [6.75, 2, 6.75],
			"to": [9.25, 2.25, 9.25],
			"rotation": {"angle": 0, "axis": "y", "origin": [7.75, 2, 7]},
			"faces": {
				"north": {"uv": [0, 0, 2.5, 0.25], "texture": "#2"},
				"east": {"uv": [0, 0, 2.5, 0.25], "texture": "#2"},
				"south": {"uv": [0, 0, 2.5, 0.25], "texture": "#2"},
				"west": {"uv": [0, 0, 2.5, 0.25], "texture": "#2"},
				"up": {"uv": [2.5, 5.5, 6.5, 9.5], "texture": "#2"},
				"down": {"uv": [2.5, 5.5, 6.5, 9.5], "texture": "#2"}
			}
		},
		{
			"from": [6.5, 2, 9.25],
			"to": [9.5, 6, 9.5],
			"rotation": {"angle": 0, "axis": "y", "origin": [7, 3, 9.5]},
			"faces": {
				"north": {"uv": [2, 5, 7, 11], "texture": "#2"},
				"east": {"uv": [2, 5, 3, 11], "texture": "#2"},
				"south": {"uv": [2, 5, 7, 11], "texture": "#2"},
				"west": {"uv": [6, 5, 7, 11], "texture": "#2"},
				"up": {"uv": [2, 5, 7, 5.5], "texture": "#2"},
				"down": {"uv": [2, 5, 7, 5.5], "texture": "#2"}
			}
		},
		{
			"from": [6.5, 2, 6.75],
			"to": [6.75, 6, 9.25],
			"rotation": {"angle": 0, "axis": "y", "origin": [7, 3, 9.25]},
			"faces": {
				"north": {"uv": [2, 5, 3, 11], "texture": "#2"},
				"east": {"uv": [2.5, 5, 6.5, 11], "texture": "#2"},
				"south": {"uv": [2, 5, 3, 11], "texture": "#2"},
				"west": {"uv": [2.5, 5, 6.5, 11], "texture": "#2"},
				"up": {"uv": [2.5, 5, 6.5, 5.75], "rotation": 90, "texture": "#2"},
				"down": {"uv": [3, 5.5, 2.5, 9.5], "texture": "#2"}
			}
		},
		{
			"from": [9.25, 2, 6.75],
			"to": [9.5, 6, 9.25],
			"rotation": {"angle": 0, "axis": "y", "origin": [9.75, 3, 9.25]},
			"faces": {
				"north": {"uv": [2, 5, 3, 11], "texture": "#2"},
				"east": {"uv": [2.5, 5, 6.5, 11], "texture": "#2"},
				"south": {"uv": [2, 5, 3, 11], "texture": "#2"},
				"west": {"uv": [2.5, 5, 6.5, 11], "texture": "#2"},
				"up": {"uv": [6.5, 5, 2.5, 5.75], "rotation": 90, "texture": "#2"},
				"down": {"uv": [6.5, 5.5, 7, 9.5], "texture": "#2"}
			}
		},
		{
			"from": [6.75, 5.75, 6.75],
			"to": [9.25, 5.75, 9.25],
			"rotation": {"angle": 0, "axis": "y", "origin": [0, 0.5, 5]},
			"faces": {
				"north": {"uv": [0, 0, 4, 4], "texture": "#1"},
				"east": {"uv": [0, 4, 4, 8], "texture": "#1"},
				"south": {"uv": [4, 0, 8, 4], "texture": "#1"},
				"west": {"uv": [4, 4, 8, 8], "texture": "#1"},
				"up": {"uv": [5.5, 11.5, 0.5, 6.5], "texture": "#1", "tintindex": 0},
				"down": {"uv": [12, 0, 8, 4], "texture": "#1"}
			}
		},
		{
			"from": [6.75, 6, 6.75],
			"to": [9.25, 6, 9.25],
			"rotation": {"angle": 0, "axis": "y", "origin": [0, 0.75, 5]},
			"faces": {
				"north": {"uv": [0, 0, 4, 4], "texture": "#1"},
				"east": {"uv": [0, 4, 4, 8], "texture": "#1"},
				"south": {"uv": [4, 0, 8, 4], "texture": "#1"},
				"west": {"uv": [4, 4, 8, 8], "texture": "#1"},
				"up": {"uv": [11.5, 11.5, 6.5, 6.5], "rotation": 90, "texture": "#1", "tintindex": 0},
				"down": {"uv": [12, 0, 8, 4], "texture": "#1"}
			}
		}
	],
	"display": {
		"thirdperson_righthand": {
			"rotation": [84.73, -86.06, 27.92],
			"translation": [-0.25, 3.75, 6.25],
			"scale": [1.2, 1.2, 1.2]
		},
		"thirdperson_lefthand": {
			"rotation": [84.73, 86.06, -27.92],
			"translation": [-0.25, 3.75, 6.25],
			"scale": [1.2, 1.2, 1.2]
		},
		"firstperson_righthand": {
			"rotation": [174.49, -11.98, 146.77],
			"translation": [-3.5, 6.5, 2],
			"scale": [1.15, 0.89, 1.07]
		},
		"firstperson_lefthand": {
			"rotation": [-9.59, 10.12, 27.02],
			"translation": [-3.5, 6.5, 2],
			"scale": [1.15, 0.89, 1.07]
		},
		"ground": {
			"rotation": [0, 0, -27],
			"translation": [3.5, 3, 0]
		},
		"gui": {
			"rotation": [30, 225, 0],
			"translation": [-2, 5.75, 0],
			"scale": [1.9, 1.9, 1.9]
		},
		"fixed": {
			"rotation": [-117.75, 90, 0],
			"translation": [0, -8.5, -12],
			"scale": [2.3, 2.3, 2.3]
		}
	},
	"groups": [
		{
			"name": "group",
			"origin": [5, 4, 1],
			"color": 0,
			"children": [0, 1, 2, 3, 4, 5, 6]
		},
		7,
		8
	]
}