{
	"credit": "Made by DinoBrik",
	"texture_size": [32, 32],
	"textures": {
		"1": "item/milkshake_liquid",
		"3": "item/milkshake",
		"particle": "item/bottle_glass"
	},
	"elements": [
		{
			"from": [6.25, 0.25, 6.25],
			"to": [9.75, 5.75, 9.75],
			"rotation": {"angle": 0, "axis": "y", "origin": [7, 0.25, 7]},
			"faces": {
				"north": {"uv": [6, 3, 9, 11], "texture": "#1", "tintindex": 0},
				"east": {"uv": [3, 3, 6, 11], "texture": "#1", "tintindex": 0},
				"south": {"uv": [6, 3, 9, 11], "texture": "#1", "tintindex": 0},
				"west": {"uv": [3, 3, 6, 11], "texture": "#1", "tintindex": 0},
				"up": {"uv": [6, 3, 3, 0], "texture": "#1", "tintindex": 0},
				"down": {"uv": [9, 0, 6, 3], "texture": "#1", "tintindex": 0}
			}
		},
		{
			"from": [6, 0, 6],
			"to": [10, 7, 10],
			"rotation": {"angle": 0, "axis": "y", "origin": [7, 0, 7]},
			"faces": {
				"north": {"uv": [2, 2, 4, 5.5], "texture": "#3"},
				"east": {"uv": [4, 2, 6, 5.5], "texture": "#3"},
				"south": {"uv": [2, 2, 4, 5.5], "texture": "#3"},
				"west": {"uv": [4, 2, 6, 5.5], "texture": "#3"},
				"up": {"uv": [4, 2, 2, 0], "texture": "#3"},
				"down": {"uv": [6, 0, 4, 2], "texture": "#3"}
			}
		},
		{
			"from": [6, 6, 6],
			"to": [10, 6, 10],
			"rotation": {"angle": 0, "axis": "y", "origin": [7, 6, 7]},
			"faces": {
				"north": {"uv": [0, 0, 2, 0], "texture": "#3"},
				"east": {"uv": [0, 0, 2, 0], "texture": "#3"},
				"south": {"uv": [0, 0, 2, 0], "texture": "#3"},
				"west": {"uv": [0, 0, 2, 0], "texture": "#3"},
				"up": {"uv": [6, 3.5, 8, 5.5], "texture": "#3"},
				"down": {"uv": [5.25, 11, 7.25, 13], "texture": "#3"}
			}
		},
		{
			"name": "berry",
			"from": [6.25, 5.25, 7],
			"to": [7.75, 6.75, 8.5],
			"rotation": {"angle": 22.5, "axis": "z", "origin": [6.25, 6.75, 7]},
			"faces": {
				"north": {"uv": [10, 13, 11, 12], "rotation": 90, "texture": "#1", "tintindex": 0},
				"east": {"uv": [13, 13, 12, 12], "rotation": 90, "texture": "#1", "tintindex": 0},
				"south": {"uv": [11, 14, 12, 13], "rotation": 90, "texture": "#1", "tintindex": 0},
				"west": {"uv": [11, 12, 12, 13], "rotation": 90, "texture": "#1", "tintindex": 0},
				"up": {"uv": [11, 12, 12, 13], "rotation": 90, "texture": "#1", "tintindex": 0},
				"down": {"uv": [10, 12, 11, 13], "rotation": 90, "texture": "#1", "tintindex": 0}
			}
		},
		{
			"from": [9, 5, 7.5],
			"to": [9.5, 9, 8],
			"rotation": {"angle": 0, "axis": "y", "origin": [7.5, 5, 6]},
			"faces": {
				"north": {"uv": [8.25, 8.5, 8.5, 10.5], "texture": "#3"},
				"east": {"uv": [8.25, 8.5, 8.5, 10.5], "texture": "#3"},
				"south": {"uv": [8.25, 8.5, 8.5, 10.5], "texture": "#3"},
				"west": {"uv": [8.25, 8.5, 8.5, 10.5], "texture": "#3"},
				"up": {"uv": [8.25, 10.25, 8.5, 10.5], "texture": "#3"},
				"down": {"uv": [8.25, 10.25, 8.5, 10.5], "texture": "#3"}
			}
		}
	],
	"display": {
		"thirdperson_righthand": {
			"rotation": [45.25, 0, 0],
			"translation": [0, 3.25, 3.25],
			"scale": [0.9, 0.9, 0.9]
		},
		"thirdperson_lefthand": {
			"rotation": [45.25, 0, 0],
			"translation": [0, 3.25, 3.25],
			"scale": [0.9, 0.9, 0.9]
		},
		"firstperson_righthand": {
			"rotation": [1.67, -0.95, 19.52],
			"translation": [-1.5, 6.25, 1.5],
			"scale": [0.8, 0.8, 0.8]
		},
		"firstperson_lefthand": {
			"rotation": [1.67, -0.95, 19.52],
			"translation": [-1.5, 6.25, 1.5],
			"scale": [0.8, 0.8, 0.7]
		},
		"ground": {
			"translation": [0, 3.25, 0],
			"scale": [0.8, 0.8, 0.8]
		},
		"gui": {
			"rotation": [30, 225, 0],
			"translation": [0, 1.25, 0]
		},
		"fixed": {
			"rotation": [-90, 90, 0],
			"translation": [0, 0, -11.75],
			"scale": [1.5, 1.5, 1.5]
		}
	}
}