{
	"credit": "Made by DinoBrik",
	"texture_size": [32, 32],
	"textures": {
		"1": "item/rum_bottle_liquid",
		"2": "item/rum_bottle_glass",
		"3": "item/flyne",
		"particle": "item/rum_bottle_glass"
	},
	"elements": [
		{
			"from": [5.25, 0.25, 5.25],
			"to": [10.75, 4.25, 10.75],
			"rotation": {"angle": 0, "axis": "y", "origin": [7, 0.25, 7]},
			"faces": {
				"north": {"uv": [4, 4, 8, 10], "texture": "#1", "tintindex": 0},
				"east": {"uv": [0, 4, 4, 10], "texture": "#1", "tintindex": 0},
				"south": {"uv": [12, 4, 16, 10], "texture": "#1", "tintindex": 0},
				"west": {"uv": [8, 4, 12, 10], "texture": "#1", "tintindex": 0},
				"up": {"uv": [7, 4, 3, 0], "texture": "#1", "tintindex": 0},
				"down": {"uv": [11, 0, 7, 4], "texture": "#1", "tintindex": 0}
			}
		},
		{
			"from": [5, 0, 5],
			"to": [11, 5, 11],
			"rotation": {"angle": 0, "axis": "y", "origin": [7, 0, 7]},
			"faces": {
				"north": {"uv": [2, 3.75, 5.75, 7.5], "texture": "#2"},
				"east": {"uv": [5.75, 3.75, 9.5, 7.5], "texture": "#2"},
				"south": {"uv": [2, 7.5, 5.75, 3.75], "texture": "#2"},
				"west": {"uv": [9.5, 3.75, 5.75, 7.5], "texture": "#2"},
				"up": {"uv": [5.75, 3.75, 2, 0], "texture": "#2"},
				"down": {"uv": [9.5, 0, 5.75, 3.75], "texture": "#2"}
			}
		},
		{
			"from": [7, 5, 7],
			"to": [9, 9, 9],
			"rotation": {"angle": 0, "axis": "y", "origin": [7, 5, 7]},
			"faces": {
				"north": {"uv": [14, 1, 15, 3], "texture": "#2"},
				"east": {"uv": [15, 1, 16, 3], "texture": "#2"},
				"south": {"uv": [14, 1, 15, 3], "texture": "#2"},
				"west": {"uv": [15, 1, 16, 3], "texture": "#2"},
				"up": {"uv": [15, 1, 14, 0], "texture": "#2"},
				"down": {"uv": [16, 0, 15, 1], "texture": "#2"}
			}
		},
		{
			"from": [6.5, 9, 6.5],
			"to": [9.5, 10, 9.5],
			"rotation": {"angle": 0, "axis": "y", "origin": [7, 6, 7]},
			"faces": {
				"north": {"uv": [10.75, 1.5, 12.25, 2], "texture": "#2"},
				"east": {"uv": [12.25, 1.5, 13.75, 2], "texture": "#2"},
				"south": {"uv": [10.75, 1.5, 12.25, 2], "texture": "#2"},
				"west": {"uv": [12.25, 1.5, 13.75, 2], "texture": "#2"},
				"up": {"uv": [12.25, 1.5, 10.75, 0], "texture": "#2"},
				"down": {"uv": [13.75, 0, 12.25, 1.5], "texture": "#2"}
			}
		},
		{
			"from": [6.25, 2.5, 7.25],
			"to": [8.25, 4.5, 9.25],
			"rotation": {"angle": -22.5, "axis": "y", "origin": [6.25, 4.5, 7.25]},
			"faces": {
				"north": {"uv": [11, 11, 13.5, 13.5], "rotation": 180, "texture": "#3"},
				"east": {"uv": [6, 13.5, 8.5, 16], "rotation": 270, "texture": "#3"},
				"south": {"uv": [8.5, 11, 11, 13.5], "texture": "#3"},
				"west": {"uv": [11, 13.5, 13.5, 16], "rotation": 90, "texture": "#3"},
				"up": {"uv": [8.5, 13.5, 11, 16], "rotation": 180, "texture": "#3"},
				"down": {"uv": [13.5, 13.5, 16, 16], "texture": "#3"}
			}
		},
		{
			"from": [8.5, 2.5, 9.25],
			"to": [10.5, 4.5, 11.25],
			"rotation": {"angle": -45, "axis": "y", "origin": [10.5, 4.5, 9.25]},
			"faces": {
				"north": {"uv": [11, 13.5, 13.5, 16], "rotation": 90, "texture": "#3"},
				"east": {"uv": [11, 11, 13.5, 13.5], "rotation": 180, "texture": "#3"},
				"south": {"uv": [6, 13.5, 8.5, 16], "rotation": 270, "texture": "#3"},
				"west": {"uv": [8.5, 11, 11, 13.5], "texture": "#3"},
				"up": {"uv": [8.5, 13.5, 11, 16], "rotation": 270, "texture": "#3"},
				"down": {"uv": [13.5, 13.5, 16, 16], "rotation": 270, "texture": "#3"}
			}
		},
		{
			"from": [7.75, 0.25, 9],
			"to": [9.75, 2.25, 11],
			"rotation": {"angle": -22.5, "axis": "z", "origin": [9.75, 0.25, 11]},
			"faces": {
				"north": {"uv": [13.5, 13.5, 16, 16], "texture": "#3"},
				"east": {"uv": [11, 13.5, 13.5, 16], "texture": "#3"},
				"south": {"uv": [8.5, 13.5, 11, 16], "texture": "#3"},
				"west": {"uv": [6, 13.5, 8.5, 16], "texture": "#3"},
				"up": {"uv": [8.5, 11, 11, 13.5], "rotation": 180, "texture": "#3"},
				"down": {"uv": [11, 11, 13.5, 13.5], "rotation": 180, "texture": "#3"}
			}
		},
		{
			"from": [6.25, 1.75, 9.25],
			"to": [8, 3.5, 11],
			"rotation": {"angle": -22.5, "axis": "z", "origin": [8, 3.75, 11.25]},
			"faces": {
				"north": {"uv": [13.5, 13.5, 16, 16], "rotation": 90, "texture": "#3"},
				"east": {"uv": [11, 11, 13.5, 13.5], "rotation": 90, "texture": "#3"},
				"south": {"uv": [8.5, 13.5, 11, 16], "rotation": 270, "texture": "#3"},
				"west": {"uv": [8.5, 11, 11, 13.5], "rotation": 90, "texture": "#3"},
				"up": {"uv": [11, 13.5, 13.5, 16], "rotation": 270, "texture": "#3"},
				"down": {"uv": [6, 13.5, 8.5, 16], "rotation": 270, "texture": "#3"}
			}
		},
		{
			"from": [9, 1.25, 6.5],
			"to": [11, 3.25, 8.5],
			"rotation": {"angle": 22.5, "axis": "x", "origin": [11, 1.25, 6.5]},
			"faces": {
				"north": {"uv": [11, 13.5, 13.5, 16], "texture": "#3"},
				"east": {"uv": [8.5, 13.5, 11, 16], "texture": "#3"},
				"south": {"uv": [6, 13.5, 8.5, 16], "texture": "#3"},
				"west": {"uv": [13.5, 13.5, 16, 16], "texture": "#3"},
				"up": {"uv": [8.5, 11, 11, 13.5], "rotation": 90, "texture": "#3"},
				"down": {"uv": [11, 11, 13.5, 13.5], "rotation": 270, "texture": "#3"}
			}
		},
		{
			"from": [5, 2, 5.25],
			"to": [7, 4, 7.25],
			"rotation": {"angle": 22.5, "axis": "x", "origin": [5, 2, 7.25]},
			"faces": {
				"north": {"uv": [6, 13.5, 8.5, 16], "texture": "#3"},
				"east": {"uv": [13.5, 13.5, 16, 16], "texture": "#3"},
				"south": {"uv": [11, 13.5, 13.5, 16], "texture": "#3"},
				"west": {"uv": [8.5, 13.5, 11, 16], "texture": "#3"},
				"up": {"uv": [8.5, 11, 11, 13.5], "rotation": 270, "texture": "#3"},
				"down": {"uv": [11, 11, 13.5, 13.5], "rotation": 90, "texture": "#3"}
			}
		},
		{
			"from": [5, 0.5, 8.25],
			"to": [6.75, 2.25, 10],
			"rotation": {"angle": 0, "axis": "x", "origin": [5, 2.5, 10]},
			"faces": {
				"north": {"uv": [8.5, 11, 11, 13.5], "rotation": 90, "texture": "#3"},
				"east": {"uv": [13.5, 13.5, 16, 16], "rotation": 90, "texture": "#3"},
				"south": {"uv": [11, 11, 13.5, 13.5], "rotation": 90, "texture": "#3"},
				"west": {"uv": [8.5, 13.5, 11, 16], "rotation": 270, "texture": "#3"},
				"up": {"uv": [11, 13.5, 13.5, 16], "texture": "#3"},
				"down": {"uv": [6, 13.5, 8.5, 16], "rotation": 180, "texture": "#3"}
			}
		},
		{
			"from": [8.25, 2, 5.25],
			"to": [10.25, 4, 7.25],
			"rotation": {"angle": -22.5, "axis": "x", "origin": [8.25, 4, 5.25]},
			"faces": {
				"north": {"uv": [11, 11, 13.5, 13.5], "rotation": 180, "texture": "#3"},
				"east": {"uv": [6, 13.5, 8.5, 16], "rotation": 270, "texture": "#3"},
				"south": {"uv": [8.5, 11, 11, 13.5], "texture": "#3"},
				"west": {"uv": [11, 13.5, 13.5, 16], "rotation": 90, "texture": "#3"},
				"up": {"uv": [8.5, 13.5, 11, 16], "rotation": 180, "texture": "#3"},
				"down": {"uv": [13.5, 13.5, 16, 16], "texture": "#3"}
			}
		},
		{
			"from": [7.5, 1.25, 5],
			"to": [9.5, 3.25, 7],
			"rotation": {"angle": -45, "axis": "z", "origin": [7.5, 3.25, 5]},
			"faces": {
				"north": {"uv": [8.5, 13.5, 11, 16], "rotation": 270, "texture": "#3"},
				"east": {"uv": [8.5, 11, 11, 13.5], "rotation": 90, "texture": "#3"},
				"south": {"uv": [13.5, 13.5, 16, 16], "rotation": 90, "texture": "#3"},
				"west": {"uv": [11, 11, 13.5, 13.5], "rotation": 90, "texture": "#3"},
				"up": {"uv": [11, 13.5, 13.5, 16], "rotation": 90, "texture": "#3"},
				"down": {"uv": [6, 13.5, 8.5, 16], "rotation": 90, "texture": "#3"}
			}
		}
	],
	"display": {
		"thirdperson_righthand": {
			"rotation": [45.25, 0, 0],
			"translation": [0, 6, 5.25],
			"scale": [1.1, 1.1, 1.1]
		},
		"thirdperson_lefthand": {
			"rotation": [45.25, 0, 0], 
			"translation": [0, 6, 5.25],
			"scale": [1.1, 1.1, 1.1]
		},
		"firstperson_righthand": {
			"rotation": [1.67, -0.95, 19.52],
			"translation": [-1.75, 6.75, 1.5],
			"scale": [1, 1, 0.9]
		},
		"firstperson_lefthand": {
			"rotation": [1.67, -0.95, 19.52],
			"translation": [-1.75, 6.75, 1.5],
			"scale": [1, 1, 0.9]
		},
		"ground": {
			"translation": [0, 5.25, 0],
			"scale": [1.1, 1.1, 1.1]
		},
		"gui": {
			"rotation": [30, 225, 0],
			"translation": [0, 3.5, 0],
			"scale": [1.2, 1.2, 1.2]
		},
		"fixed": {
			"rotation": [-90, 90, 0],
			"translation": [0, 0, -14],
			"scale": [1.9, 1.9, 1.9]
		}
	}
}