[
  {
    "function": "minecraft:set_components",
    "components": {
      "minecraft:custom_name": {"italic":false,"text":"Jungle Stalker Ale"},
      "tooltip_display": {
  "hide_tooltip": false,
  "hidden_components": [
    "minecraft:potion_contents",
    "minecraft:potion_duration_scale"
  ]
},
     "minecraft:custom_model_data": {
        "strings": [
          "db_drinks.dino_bottle"
        ]
      }
    }
  },
  {
    "function": "minecraft:set_components",
    "components": {
      "minecraft:potion_contents": {
        "custom_color": 3445512,
        "custom_effects": [
          {
            "id": "minecraft:strength",
            "amplifier": 1,
            "duration": 360
          },
          {
            "id": "minecraft:slowness",
            "amplifier": 0,
            "duration": 360
          },
          {
            "id": "minecraft:jump_boost",
            "amplifier": 1,
            "duration": 1024
          },
          {
            "id": "minecraft:night_vision",
            "amplifier": 0,
            "duration": 1024
          },
          {
            "id": "minecraft:wither",
            "amplifier": 2,
            "duration": 120
          },
          {
            "id": "minecraft:saturation",
            "amplifier": 0,
            "duration": 1
          }
        ]
      }
    }
  },
  {
    "function": "minecraft:set_custom_data",
    "tag": "{drink:1b,vodka:1b,drako_horilka:0b,blue_comet:0b,jungle_mead:1b,amber:0b}"
  }
]
