[
  {
    "function": "minecraft:set_components",
    "components": {
      "minecraft:custom_name": {"italic":false,"text":"Berry Cream Swirl"},
      "tooltip_display": {
  "hide_tooltip": false,
  "hidden_components": [
    "minecraft:potion_contents",
    "minecraft:potion_duration_scale"
  ]
},
     "minecraft:custom_model_data": {
        "strings": [
          "db_drinks.milkshake"
        ]
      }
    }
  },
  {
    "function": "minecraft:set_components",
    "components": {
      "minecraft:potion_contents": {
        "custom_color": 15597568,
        "custom_effects": [
          {
            "id": "minecraft:regeneration",
            "amplifier": 0,
            "duration": 120
          }
        ]
      }
    }
  },
  {
    "function": "minecraft:set_custom_data",
    "tag": "{wine:1b,aged_days:0b,drink:1b,fermented_sweet_berries:0b,crimson_wine:0b,kings_strength:0b,elven_wine:0b,milk:1b,milkshake:1b}"
  }
]
