[
  {
    "function": "minecraft:set_components",
    "components": {
      "minecraft:custom_name": {"italic":false,"text":"Chukey Brew"},
      "tooltip_display": {
  "hide_tooltip": false,
  "hidden_components": [
    "minecraft:potion_contents",
    "minecraft:potion_duration_scale"
  ]
},

"minecraft:lore": [
  [[{"text":"☆","italic":false,"color":"gray"}]]
],
     "minecraft:custom_model_data": {
        "strings": [
          "db_drinks.milkshake"
        ]
      }
    }
  },
  {
    "function": "minecraft:set_components",
    "components": {
      "minecraft:potion_contents": {
        "custom_color": 2434564,
        "custom_effects": [
          {
            "id": "minecraft:poison",
            "amplifier": 0,
            "duration": 120
          },
          {
            "id": "minecraft:wither",
            "amplifier": 0,
            "duration": 120
          },
          {
            "id": "minecraft:slowness",
            "amplifier": 0,
            "duration": 120
          }
        ]
      }
    }
  },
  {
    "function": "minecraft:set_custom_data",
    "tag": "{chunkey_brew:1b,aged_days:0b,drink:1b,fermented_wheat:0b,quality:1b}"
  }
]
