[
  {
    "function": "minecraft:set_components",
    "components": {
      "minecraft:custom_name": {"italic":false,"text":"Frozen Vannila Chill"},
      "tooltip_display": {
  "hide_tooltip": false,
  "hidden_components": [
    "minecraft:potion_contents",
    "minecraft:potion_duration_scale"
  ]
},
      "minecraft:custom_model_data": {
        "strings": [
          "db_drinks.milkshake"
        ]
      }
    }
  },
  {
    "function": "minecraft:set_components",
    "components": {
      "minecraft:potion_contents": {
        "custom_color": 5619631,
        "custom_effects": [
          {
            "id": "minecraft:strength",
            "amplifier": 0,
            "duration": 240
          }
        ]
      }
    }
  },
  {
    "function": "minecraft:set_custom_data",
    "tag": "{vodka:1b,aged_days:0b,drink:1b,fermented_potatoes:0b,amber:0b,drako_horilka:0b,blue_comet:0b,jungle:0b,milk:1b,milkshake:1b}"
  }
]
