[
  {
    "function": "minecraft:set_components",
    "components": {
      "minecraft:custom_name": {"italic":false,"text":"Honey Nog"},
      "tooltip_display": {
  "hide_tooltip": false,
  "hidden_components": [
    "minecraft:potion_contents",
    "minecraft:potion_duration_scale"
  ]
},
     "minecraft:custom_model_data": {
        "strings": [
          "db_drinks.milkshake"
        ]
      }
    }
  },
  {
    "function": "minecraft:set_components",
    "components": {
      "minecraft:potion_contents": {
        "custom_color": 16756224,
        "custom_effects": [
          {
            "id": "minecraft:strength",
            "amplifier": 0,
            "duration": 90
          },
          {
            "id": "minecraft:regeneration",
            "amplifier": 0,
            "duration": 90
          },
          {
            "id": "minecraft:saturation",
            "amplifier": 2,
            "duration": 1
          }
        ]
      }
    }
  },
  {
    "function": "minecraft:set_custom_data",
    "tag": "{drink:1b,mead:1b,corpse_mead:0b,song_mead:0b,illager_mead:0b,just_mead:1b,milk:1b,milkshake:1b}"
  }
]
