[
  {
    "function": "minecraft:set_components",
    "components": {
      "minecraft:custom_name": {"italic":false,"text":"Wheat Creamer"},
      "tooltip_display": {
  "hide_tooltip": false,
  "hidden_components": [
    "minecraft:potion_contents",
    "minecraft:potion_duration_scale"
  ]
},
     "minecraft:custom_model_data": {
        "strings": [
          "db_drinks.milkshake"
        ]
      }
    }
  },
  {
    "function": "minecraft:set_components",
    "components": {
      "minecraft:potion_contents": {
        "custom_color": 6510103,
        "custom_effects": [
          {
            "id": "minecraft:haste",
            "amplifier": 0,
            "duration": 240
          }
        ]
      }
    }
  },
  {
    "function": "minecraft:set_custom_data",
    "tag": "{beer:1b,aged_days:0b,drink:1b,fermented_wheat:0b,milk:1b,milkshake:1b}"
  }
]
