[
  {
    "function": "minecraft:set_components",
    "components": {
      "minecraft:custom_name": {"italic":false,"color":"dark_green","text":"Panda Vinho"},
      "minecraft:custom_model_data": {
        "strings": [
          "db_drinks.wine"
        ]
      }
    }
  },
  {
    "function": "minecraft:set_components",
    "components": {
      "minecraft:potion_contents": {
        "custom_color": 10590778,
        "custom_effects": [
          {
            "id": "minecraft:regeneration",
            "amplifier": 1,
            "duration": 600
          },
          {
            "id": "minecraft:poison",
            "amplifier": 0,
            "duration": 360
          }
        ]
      }
    }
  },
  {
    "function": "minecraft:set_custom_data",
    "tag": "{wine:1b,aged_days:16b,drink:1b,fermented_sweet_berries:0b,panda_vinho:1b}"
  }
]
