[
  {
    "function": "minecraft:set_components",
    "components": {
      "minecraft:custom_name": {"italic":false,"color":"#D96034","text":"Copper Rum"},
     "minecraft:custom_model_data": {
        "strings": [
          "db_drinks.rum"
        ]
      }
    }
  },
  {
    "function": "minecraft:set_components",
    "components": {
      "minecraft:potion_contents": {
        "custom_color": 13724456,
        "custom_effects": [
          {
            "id": "minecraft:conduit_power",
            "amplifier": 0,
            "duration": 240
          },
          {
            "id": "minecraft:slowness",
            "amplifier": 0,
            "duration": 360
          }
        ]
      }
    }
  },
  {
    "function": "minecraft:set_custom_data",
    "tag": "{drink:1b,copper_rum:1b,black_midnight:0b,golden_rum:0b,bogged_grog:0b,creeper_cider:0b,gnome_rum:0b}"
  }
]
