[
  {
    "function": "minecraft:set_components",
    "components": {
      "minecraft:custom_name": {"italic":false,"color":"gold","bold":true,"text":"Golden Rum"},
     "minecraft:custom_model_data": {
        "strings": [
          "db_drinks.rum"
        ]
      }
    }
  },
  {
    "function": "minecraft:set_components",
    "components": {
      "minecraft:potion_contents": {
        "custom_color": 13736192,
        "custom_effects": [
          {
            "id": "minecraft:conduit_power",
            "amplifier": 0,
            "duration": 520
          },
          {
            "id": "minecraft:absorption",
            "amplifier": 0,
            "duration": 2400
          }
        ]
      }
    }
  },
  {
    "function": "minecraft:set_custom_data",
    "tag": "{drink:1b,golden_rum:1b,black_midnight:0b,copper_rum:0b,bogged_grog:0b,creeper_cider:0b,gnome_rum:0b}"
  }
]
