[
  {
    "function": "minecraft:set_components",
    "components": {
      "minecraft:custom_name": {"italic":false,"color":"#69edb0","bold":true,"text":"Roscuro's Squeak"},
      "minecraft:custom_model_data": {
        "strings": [
          "db_drinks.roscuro"
        ]
      }
    }
  },
  {
    "function": "minecraft:set_components",
    "components": {
      "minecraft:potion_contents": {
        "custom_color": 11893732,
        "custom_effects": [
          {
            "id": "minecraft:absorption",
            "amplifier": 0,
            "duration": 360
          },
          {
            "id": "minecraft:haste",
            "amplifier": 2,
            "duration": 360
          },
          {
            "id": "minecraft:speed",
            "amplifier": 2,
            "duration": 360
          }
        ]
      }
    }
  },
  {
    "function": "minecraft:set_custom_data",
    "tag": "{drink:1b,tequila:1b,roscuros:1b,aged_days:16b}"
  }
]
