[
  {
    "function": "minecraft:set_components",
    "components": {
      "minecraft:custom_name": {"italic":false,"color":"#9bffc0","text":"Roscuro's Squeak"},
      "minecraft:custom_model_data": {
        "strings": [
          "db_drinks.roscuro"
        ]
      }
    }
  },
  {
    "function": "minecraft:set_components",
    "components": {
      "minecraft:potion_contents": {
        "custom_color": 16362751,
        "custom_effects":
        [
          {
            "id": "minecraft:absorption",
            "amplifier": 0,
            "duration": 360
          },
          {
            "id": "minecraft:haste",
            "amplifier": 1,
            "duration": 120
          },
          {
            "id": "minecraft:speed",
            "amplifier": 1,
            "duration": 120
          }
        ]
      }
    }
  },
  {
    "function": "minecraft:set_custom_data",
    "tag": "{drink:1b,tequila:1b,roscuros:1b,desert_beverage:0b,aged_days:0b}"
  }
]