{
  "type": "minecraft:entity",
  "pools": [
    {
      "rolls": 1,
      "entries": [
        {
          "type": "minecraft:item",
          "name": "minecraft:armor_stand",
          "functions": [
            {
              "function": "minecraft:set_components",
              "components": {
                "minecraft:entity_data": {
                    "ShowArms": 1,
                    "Tags": [
                        "armor_stand_with_arms"
                    ],
                    "id": "minecraft:armor_stand"
                },
                "minecraft:custom_data": {
                    "eawa": {
                        "id": "armor_stand_with_arms"
                    }
                },
                "minecraft:lore": [
                    "{\"translate\":\"armor stand with arms\",\"color\":\"#0000FF\",\"italic\":false}"
                ]
                
              }
            }
          ],
          "conditions": [
            {
              "condition": "minecraft:entity_properties",
              "entity": "this",
              "predicate": {
                "nbt": "{Tags:[\"armor_stand_with_arms\"]}"
              }
            }
          ]
        }
      ]
    }
  ]
}
