[
  {
    "function": "minecraft:set_components",
    "components": {
      "minecraft:custom_name": {"italic":false,"text":"Creeper Cider"},
     "minecraft:custom_model_data": {
        "strings": [
          "db_drinks.rum"
        ]
      }
    }
  },
  {
    "function": "minecraft:set_components",
    "components": {
      "minecraft:potion_contents": {
        "custom_color": 7773214,
        "custom_effects": [
          {
            "id": "minecraft:speed",
            "amplifier": 0,
            "duration": 1740
          },
          {
            "id": "minecraft:wind_charged",
            "amplifier": 0,
            "duration": 1740
          }
        ]
      }
    }
  },
  {
    "function": "minecraft:set_custom_data",
    "tag": "{black_midnight:0b,aged_days:0b,drink:1b,bogged_grog:0b,gnome_rum:0b,creeper_cider:1b,fermented_sugar_cane:0b}"
  }
]
