[
  {
    "function": "minecraft:set_components",
    "components": {
      "minecraft:custom_name": {"italic":false,"text":"Blue Comet"},
     "minecraft:custom_model_data": {
        "strings": [
          "db_drinks.vodka"
        ]
      }
    }
  },
  {
    "function": "minecraft:set_components",
    "components": {
      "minecraft:potion_contents": {
        "custom_color": 5688560,
        "custom_effects": [
          {
            "id": "minecraft:strength",
            "amplifier": 1,
            "duration": 240
          },
          {
            "id": "minecraft:strength",
            "amplifier": 0,
            "duration": 480
          },
          {
            "id": "minecraft:speed",
            "amplifier": 0,
            "duration": 120
          }
        ]
      }
    }
  },
  {
    "function": "minecraft:set_custom_data",
    "tag": "{drink:1b,vodka:1b,drako_horilka:0b,blue_comet:1b,jungle:0b,amber:0b}"
  }
]