{
  "type": "minecraft:crafting_shaped",
  "pattern": [
    "l#l",
    "#b#",
    "l#l"
  ],
  "key": {
    "l": "#minecraft:logs",
    "#": "minecraft:iron_nugget",
    "b": "minecraft:barrel"
  },
  "result": {
    "id": "minecraft:rabbit_spawn_egg",
    "components": {
      "minecraft:custom_model_data": {"strings":["db_drinks.aging_barrel"]},
      "minecraft:custom_data": "{aging_barrel:1b}",
      "minecraft:entity_data": {
        "id": "minecraft:marker",
        "Tags": ["aging_barrel"]
      },
      "minecraft:custom_name": {"italic":false,"color":"gray","bold":true,"text":"Aging Barrel"}
    }
  }
}
