[
  {
    "function": "minecraft:set_components",
    "components": {
      "minecraft:custom_name": {"italic":false,"color":"#ff530a","bold":true,"text":"Fire Whiskey"},
      "minecraft:custom_model_data": {
        "strings": [
          "db_drinks.whiskey.fire"
        ]
      }
    }
  },
  {
    "function": "minecraft:set_components",
    "components": {
      "minecraft:potion_contents": {
        "custom_color": 16711680,
        "custom_effects": [
          {
            "id": "minecraft:regeneration",
            "amplifier": 2,
            "duration": 120
          },
          {
            "id": "minecraft:resistance",
            "amplifier": 1,
            "duration": 120
          }
        ]
      }
    }
  },
  {
    "function": "minecraft:set_custom_data",
    "tag": "{drink:1b,whiskey:1b,torchflower_scotch:0b,chorus_bourbon:0b,fire_whiskey:1b,dwarven:0b}"
  }
]
