[
  {
    "function": "minecraft:set_components",
    "components": {
      "minecraft:custom_name": {"italic":false,"text":"Whiskey"},
      "tooltip_display": {
  "hide_tooltip": false,
  "hidden_components": [
    "minecraft:potion_contents",
    "minecraft:potion_duration_scale"
  ]
},
      "minecraft:custom_model_data": {
        "strings": [
          "db_drinks.whiskey"
        ]
      }
    }
  },
  {
    "function": "minecraft:set_components",
    "components": {
      "minecraft:potion_contents": {
        "custom_color": 14253384,
        "custom_effects": [
          {
            "id": "minecraft:speed",
            "amplifier": 0,
            "duration": 240
          }
        ]
      }
    }
  },
  {
    "function": "minecraft:set_custom_data",
    "tag": "{whiskey:1b,aged_days:0b,drink:1b,fermented_seeds:0b}"
  }
]
