[
  {
    "function": "minecraft:set_components",
    "components": {
      "minecraft:custom_name": {"italic":false,"text":"Torchflower Scotch"},
     "minecraft:custom_model_data": {
        "strings": [
          "db_drinks.whiskey"
        ]
      }
    }
  },
  {
    "function": "minecraft:set_components",
    "components": {
      "minecraft:potion_contents": {
        "custom_color": 13199894,
        "custom_effects": [
          {
            "id": "minecraft:speed",
            "amplifier": 0,
            "duration": 240
          },
          {
            "id": "minecraft:night_vision",
            "amplifier": 0,
            "duration": 840
          },
          {
            "id": "minecraft:glowing",
            "amplifier": 0,
            "duration": 30
          },
          {
            "id": "minecraft:fire_resistance",
            "amplifier": 0,
            "duration": 60
          }
        ]
      }
    }
  },
  {
    "function": "minecraft:set_custom_data",
    "tag": "{drink:1b,whiskey:1b,chorus_bourbon:0b,torchflower_scotch:1b,dwarven:0b,fire_whiskey:0b}"
  }
]